ポケモン川柳,登場ポケモン,出典,登場作品,チェック
コイキング ぴちぴちはねる げんきなこ,コイキング,オーキド博士のポケモン講座,EP061,
ライチュウを いっかにいっぴき じかはつでん,ライチュウ,オーキド博士のポケモン講座,EP062,
ヒトカゲの ほのおにうかぶ ひとのかげ,ヒトカゲ,オーキド博士のポケモン講座,EP063,
ベトベトン なかよくなったら くさくない,ベトベター,オーキド博士のポケモン講座,EP064,
とおりなは ばくだんボールだ マルマイン,マルマイン,オーキド博士のポケモン講座,EP065,
みてみたい フォークをつかう フーディンを,フーディン,オーキド博士のポケモン講座,EP066,True
オニドリル つついちゃいやよ オニドリル,オニドリル,オーキド博士のポケモン講座,EP067,
あいうえお いちばんさいごは ワンリキー,ワンリキー,オーキド博士のポケモン講座,EP068,
コンパンは よるのさんぽで こんばんわ,コンパン,オーキド博士のポケモン講座,EP069,
みちばたで ひるねざんまい イシツブテ,イシツブテ,オーキド博士のポケモン講座,EP070,
トサキント きれいなかおに ツノがある,トサキント,オーキド博士のポケモン講座,EP071,
さむいふゆ ギャロップいれば ぽっかぽか,ギャロップ,オーキド博士のポケモン講座,EP072,
たべてねて またたべてねて ああカビゴン,カビゴン,オーキド博士のポケモン講座,EP073,
ラッキーに あったらいちにち ちょうラッキー,ラッキー,オーキド博士のポケモン講座,EP074,
リーグせん かったらほめてね ポケモンを,,オーキド博士のポケモン講座,EP075,
フィールドで ポケモンえらび なやんじゃう,,オーキド博士のポケモン講座,EP076,
みてみたい ジュンサージョーイの こどもたち,,オーキド博士のポケモン講座,EP077,True
いまだけの グッズもいろいろ みやげやさん,,オーキド博士のポケモン講座,EP078,
トレーナー せんりゃくかんがえ ひがくれる,,オーキド博士のポケモン講座,EP079,
つわものの たたかいすんで たまらんなあ,,オーキド博士のポケモン講座,EP080,
ナッシーの こかげでのんびり おひるねよ,ナッシー,オーキド博士のポケモン講座,EP081,
ベロリンガ のびてちぢんで ながいした,ベロリンガ,オーキド博士のポケモン講座,EP082,
きをつけよう エレブーかみなり かじおやじ,エレブー,オーキド博士のポケモン講座,EP083,
さむいのよ ジュゴンのおうちは こーりごり,ジュゴン,オーキド博士のポケモン講座,EP084,
けっとばせ キックいっぱつ サワムラー,サワムラー,オーキド博士のポケモン講座,EP085,
ぶっとばせ ぱんちいっぱつ エビワラー,エビワラー,オーキド博士のポケモン講座,EP086,
キャタピーが さいしょのゲットだ サトシくん,キャタピー,オーキド博士のポケモン講座,EP087,
イーブイの しんかはみっつ さてどれに,イーブイ,オーキド博士のポケモン講座,EP088,
キノコのせ おおきくそだてる パラスかな,パラス,オーキド博士のポケモン講座,EP089,
フリーフリー じゆうにとんでる バタフリー,バタフリー,オーキド博士のポケモン講座,EP090,
カメックス こうらにこもって こぅらいいわ,カメックス,オーキド博士のポケモン講座,EP091,
なぞだらけ なぞがなぞよぶ ゴースかな,ゴース,オーキド博士のポケモン講座,EP092,
フシギダネ なぞはつきない ふしぎだね,フシギダネ,オーキド博士のポケモン講座,EP093,
クサイハナ やさしくそだてりゃ くさくない,クサイハナ,オーキド博士のポケモン講座,EP094,
にらめっこ シェルダーいつでも アカンベー,シェルダー,オーキド博士のポケモン講座,EP095,
ふわふわと ピッピのおさんぽ たのしいな,ピッピ,オーキド博士のポケモン講座,EP096,
まるのみで おなかふっくら アーボかな,アーボ,オーキド博士のポケモン講座,EP097,
メタモンや ゆくぞへんしん かわるもん,メタモン,オーキド博士のポケモン講座,EP098,True
ときどきの えがおもキュートな オコリザル,オコリザル,オーキド博士のポケモン講座,EP099,
うみのそこ カブトがすなを かぶっとる,カブト,オーキド博士のポケモン講座,EP100,
スピアーの まもるおうちは もりのなか,スピアー,オーキド博士のポケモン講座,EP101,
ポケモンで いちばんながいの イワークよ,,オーキド博士のポケモン講座,EP107,
ゆうわくの ひとみキラキラ プリンかな,,オーキド博士のポケモン講座,EP108,
マダツボミ いるよねこんな かおのひと,,オーキド博士のポケモン講座,EP109,
まえむきに あるいてゆきたい クラブかな,,オーキド博士のポケモン講座,EP110,
きのうえに ラッタがはしるよ らったった,,オーキド博士のポケモン講座,EP111,
おとしもの ニャースとさがそう ねこにこばん,,オーキド博士のポケモン講座,EP112,
さかなつり つってもわすれる ヤドンなの,,オーキド博士のポケモン講座,EP113,
みずでっぽう ひゃっぱつひゃくちゅう ゼニガメよ,,オーキド博士のポケモン講座,EP114,
カモネギの いあいもあざやか くきさばき,,オーキド博士のポケモン講座,EP115,
とまらない ちょとつもうしん サイホーン,,オーキド博士のポケモン講座,EP116,
ズバットが ずばっとはっしゃ ちょうおんぱ,,オーキド博士のポケモン講座,EP117,
あっＵＦＯ ちがうぞあれは スターミー,,オーキド博士のポケモン講座,EP118,
にょろにょろと みなもにたわむる ニョロモかな,,オーキド博士のポケモン講座,EP119,
たいように はなびらひらけ フシギバナ,イシツブテ,オーキド博士のポケモン講座,EP120,
かぜおこし ピジョンにあおがれ ふきとばし,ピジョン,オーキド博士のポケモン講座,EP121,
にどさすぞ ニドランメスが はりをさす,ニドラン♀,オーキド博士のポケモン講座,EP122,
ニドリーノ つのでつついて おこりーの,ニドリーノ,オーキド博士のポケモン講座,EP123,
かわいいね くるくるカールの ロコンちゃん,ロコン,オーキド博士のポケモン講座,EP124,True
ゴルダック ゴールだクールな ひとおよぎ,アズマオウ,オーキド博士のポケモン講座,EP125,
はしるより およげばはやい ニョロボンよ,ニョロボン,オーキド博士のポケモン講座,EP126,True
あさひるばん ゆらゆらくらす メノクラゲ,メノクラゲ,オーキド博士のポケモン講座,EP127,
でんせんに とまったコイルが いっこいる,コイル,オーキド博士のポケモン講座,EP128,
どんなひも トリオでがんばる ドードリオ,ドードリオ,オーキド博士のポケモン講座,EP129,
かくれんぼ ほのおにかくれる ブーバーよ,ブーバー,オーキド博士のポケモン講座,EP130,
サンダース さんじゅうろっぴき ３ダース,サンダース,オーキド博士のポケモン講座,EP131,
このはねで そらとぶゆめみる タッツーよ,タッツー,オーキド博士のポケモン講座,EP132,
おだやかに ミニリュウおよぐよ みずのなか,ミニリュウ,オーキド博士のポケモン講座,EP133,
じょうおうの かんろくどっしり ニドクイン,ニドクイン,オーキド博士のポケモン講座,EP134,
ラプラスに のっていきたい りゅうぐうじょう,ラプラス,オーキド博士のポケモン講座,EP135,
トランセル あわてずさわがず かたくなる,トランセル,オーキド博士のポケモン講座,EP136,
パウワウが おなかでスケート きたのうみ,パウワウ,オーキド博士のポケモン講座,EP137,
リザードが デザートたべる なつのごご,リザード,オーキド博士のポケモン講座,EP138,
みちばたに ディグダぽこぽこ かおだした,ディグダ,オーキド博士のポケモン講座,EP139,
ガラガラの こえもがらがら かぜひいた,ガラガラ,オーキド博士のポケモン講座,EP140,
ケンタロス とっしんふみつけ おおあばれ,ケンタロス,オーキド博士のポケモン講座,EP141,
みちばたで どっこいいきてる ナゾノクサ,ナゾノクサ,オーキド博士のポケモン講座,EP142,
スリープの おいしいゆめは よるひらく,スリープ,オーキド博士のポケモン講座,EP143,
とべるかな みみをばたばた ニドランオス,ニドラン♂,オーキド博士のポケモン講座,EP144,
おさんぽは つんとおすまし ペルシアン,ペルシアン,オーキド博士のポケモン講座,EP145,
バリヤード バリヤーうります バリヤーどう？,バリヤード,オーキド博士のポケモン講座,EP146,
みるからに ふしぎそうだよ フシギソウ,フシギソウ,オーキド博士のポケモン講座,EP147,
カメールが メールチェックだ たしかめる,カメール,オーキド博士のポケモン講座,EP148,
ビードルが はっぱのベッドで ゆめのなか,ビードル,オーキド博士のポケモン講座,EP149,
でんせんを コラッタはしるよ こらったった,コラッタ,オーキド博士のポケモン講座,EP150,
さあはしろう サンドのかけごえ １、２の３ど,サンド,オーキド博士のポケモン講座,EP151,
ニドランが にどしんかして ニドキング,ニドキング,オーキド博士のポケモン講座,EP152,
だいとかい しらざるとこにも ピッピカチュウ,ピカチュウ,オーキド博士のポケモン講座,EP153,
うられたら かうのがれいぎ ポケモンバトル,,オーキド博士のポケモン講座,EP154,
アンノーン おとめごころの わかるやつ,アンノーン,オーキド博士のポケモン講座,EP155,
はつとうじょう えいがのポケモン おおあばれ,,オーキド博士のポケモン講座,EP156,
ガーディが みんなのえがおを まもるいえ,ガーディ,オーキド博士のポケモン講座,EP157,
さんぜんと ベルトきらめく ゴーリキー,ゴーリキー,オーキド博士のポケモン講座,EP158,
みてみたい くちをむすんだ ウツドンを,ウツドン,オーキド博士のポケモン講座,EP159,
でっかいりゅう つぶらなひとみの カイリューよ,カイリキー,オーキド博士のポケモン講座,EP160,
もえあがれ ひをはけどんどん リザードン,リザードン,オーキド博士のポケモン講座,EP161,
コクーンは うなずきじょうず こくんこくん,コクーン,オーキド博士のポケモン講座,EP162,
ピジョットが マッハでとぶよ ピジョーッと,ピジョット,オーキド博士のポケモン講座,EP163,
アーボック みつめてしびれて へびにらみ,アーボック,オーキド博士のポケモン講座,EP164,
サンドパン あさひるばんに 三どパン,サンドパン,オーキド博士のポケモン講座,EP165,
いやしけい けがわでうっとり プクリンよ,プクリン,オーキド博士のポケモン講座,EP166,
はなびらを ひがさにさんぽ ラフレシア,ラフレシア,オーキド博士のポケモン講座,EP167,
みちばたで こしをかけたら ダグトリオ,ダグトリオ,オーキド博士のポケモン講座,EP168,
そよかぜに コダックゆれる けがさんぼん,コダック,オーキド博士のポケモン講座,EP169,
にほんばれ てんきでげんき マンキーよ,マンキー,オーキド博士のポケモン講座,EP170,
きかんしゃに ポッポをのせたら きしゃぽっぽ,ポッポ,オーキド博士のポケモン講座,EP171,
あめのひは さんぽはおやすみ ポニータよ,ポニータ,オーキド博士のポケモン講座,EP172,
かいすいよく チクッてきたら ドククラゲ,ドククラゲ,オーキド博士のポケモン講座,EP173,
なまえほど こわくはないよ オニスズメ,オニスズメ,オーキド博士のポケモン講座,EP174,
のりたいな はしるひのたま ウィンディ,ウインディ,オーキド博士のポケモン講座,EP175,
でてはきえ ケーシィいたのか まぼろしか,ケーシィ,オーキド博士のポケモン講座,EP176,
ねむりごな ねむれぬよるの モルフォンよ,モルフォン,オーキド博士のポケモン講座,EP177,
はらおどり うずまきまわるよ ニョロゾかな,ニョロゾ,オーキド博士のポケモン講座,EP178,
ひとくちで のこさずたべる ウツボット,ウツボット,オーキド博士のポケモン講座,EP179,
ゴローニャが かわいくあまえる ゴロゴロニャン,ゴローニャ,オーキド博士のポケモン講座,EP180,
キュウコンが かぜをひいたら せきコンコン,キュウコン,オーキド博士のポケモン講座,EP181,
かまれても あわてずさわがず ヤドランよ,ヤドン,オーキド博士のポケモン講座,EP182,
ビリリダマ ふれてビリビリ まだビリリ,ビリリダマ,オーキド博士のポケモン講座,EP183,
にとうりゅう かかってきなさい ストライク,ストライク,オーキド博士のポケモン講座,EP184,True
ふわふわと ドガースどこみる そらをみる,ドガース,オーキド博士のポケモン講座,EP185,
ゆめごこち ふりこふりふり スリーパー,スリーパー,オーキド博士のポケモン講座,EP186,
いないいないばぁ パルシェンみえたよ まるいかお,パルシェン,オーキド博士のポケモン講座,EP187,
うらめしや ゴーストでてくる やみのなか,ゴースト,オーキド博士のポケモン講座,EP188,
ベトベター ちきゅうにやさしく モアベター,ベトベター,オーキド博士のポケモン講座,EP189,
あっていでん そなえあります レアコイル,レアコイル,オーキド博士のポケモン講座,EP190,
きをつけよう きゅうなさかみち ころがるゴローン,ゴローン,オーキド博士のポケモン講座,EP191,
マタドガス にもつうごかす またどかす,マタドガス,オーキド博士のポケモン講座,EP192,
ゴルバット さんきゅうさんしん ふるバット,ゴルバット,オーキド博士のポケモン講座,EP193,
カラカラが さばくでひとり のどカラカラ,カラカラ,オーキド博士のポケモン講座,EP194,
ちのみごを あやすガルーラ ははのあい,ガルーラ,オーキド博士のポケモン講座,EP195,
キングラー ぐらぐらゆれて よこあるき,キングラー,オーキド博士のポケモン講座,EP196,
ピクシーが ピクピクうごかす ながいみみ,ピクシー,オーキド博士のポケモン講座,EP197,
ドードーが どうどうこうしん うんどうかい,ドードー,オーキド博士のポケモン講座,EP198,
ふりむくな ひそむゲンガー よるのやみ,ゲンガー,オーキド博士のポケモン講座,EP199,
たまちがい たまかたまごか タマタマか,タマタマ,オーキド博士のポケモン講座,EP200,
トゲぴんぴん ごきげんななめの ニドリーナ,ニドリーナ,オーキド博士のポケモン講座,EP201,
ちからこぶ みせてマッチョな カイリキー,カイリキー,オーキド博士のポケモン講座,EP202,
いっぱつげい ドリルでサイドン さらわまし,サイドン,オーキド博士のポケモン講座,EP207,
やれにげろ スミはくシードラ やみのなか,シードラ,オーキド博士のポケモン講座,EP208,
アズマオウ およぐすがたは うみのはな,アズマオウ,オーキド博士のポケモン講座,EP209,
そらながめ ほしをゆめみる ヒトデマン,ヒトデマン,オーキド博士のポケモン講座,EP210,
ルージュラと あさまでおどろう ずんちゃっちゃ,ルージュラ,オーキド博士のポケモン講座,EP211,
カイロスが カイロでぬくぬく ふゆのよる,カイロス,オーキド博士のポケモン講座,EP212,
ギャラドスの ひるねをじゃまして りゅうのいかり,ギャラドス,オーキド博士のポケモン講座,EP213,
かくれんぼ シャワーズいつでも みずのなか,シャワーズ,オーキド博士のポケモン講座,EP214,
ブースター もえてひをはく だいもんじ,ブースター,オーキド博士のポケモン講座,EP215,
オムナイト むかしのすがたで でています,オムナイト,オーキド博士のポケモン講座,EP216,
ときをこえ いのちをつなぐよ オムスター,オムスター,オーキド博士のポケモン講座,EP217,
カブトプス バトルだかぶとの おをしめる,カブトプス,オーキド博士のポケモン講座,EP218,
かせきでも やさしくしてね プテラより,プテラ,オーキド博士のポケモン講座,EP219,
しんしんと こなゆきふらす フリーザー,フリーザー,オーキド博士のポケモン講座,EP220,
サンダーが でんきためるよ たくさんだー,サンダー,オーキド博士のポケモン講座,EP221,
よぞらとぶ ファイヤーもえるよ よをてらし,ファイヤー,オーキド博士のポケモン講座,EP222,
ハクリューよ あしたはえんそく はれたらいいな,ハクリュー,オーキド博士のポケモン講座,EP223,
ツメふって パラパラおどるよ パラセクト,パラセクト,オーキド博士のポケモン講座,EP224,
モンジャラの ツルでためそう みつあみを,モンジャラ,オーキド博士のポケモン講座,EP225,
ピカチュウが しょうりのサイン ピッピカチュウ,ピカチュウ,オーキド博士のポケモン講座,EP226,
しびれるぜ ピチューにチューして でんきがビリリ,ピチュー,オーキド博士のポケモン講座,EP227,
エアームド はがねのつばさで そらたかく,エアームド,オーキド博士のポケモン講座,EP228,
イトマルが いとでまるまる まるくなる,イトマル,オーキド博士のポケモン講座,EP229,
せせらぎに ウパーがいっぱい ゆうすずみ,ウパー,オーキド博士のポケモン講座,EP230,
オドシシが にわでびっくり ししおどし,オドシシ,オーキド博士のポケモン講座,EP231,
カポエラー ばくてんシュートで くーるくる,カポエラー,オーキド博士のポケモン講座,EP232,
キマワリの かおがにしむきゃ おしりはひがし,キマワリ,オーキド博士のポケモン講座,EP233,True
デリバード はいたつじかんは 30ぷん,デリバード,オーキド博士のポケモン講座,EP234,
アリアドス いとでかなでる アリアどす,アリアドス,オーキド博士のポケモン講座,EP235,
まちおこし ここほれウリムー おんせんさがし,ウリムー,オーキド博士のポケモン講座,EP236,
ずつきして えだからおとそう エイパムを,エイパム,オーキド博士のポケモン講座,EP237,
エーフィの つぶらなひとみ しんぴてき,エーフィ,オーキド博士のポケモン講座,EP238,
よくかんで あごをきたえる オーダイル,オーダイル,オーキド博士のポケモン講座,EP239,
オクタンが いねむりふねこぎ くたんくたん,オクタン,オーキド博士のポケモン講座,EP240,
キリンリキ あたまとしっぽでにらめっこ,キリンリキ,オーキド博士のポケモン講座,EP241,
クヌギダマ うごかずなにを おもうひび,クヌギダマ,オーキド博士のポケモン講座,EP242,
すいすいと かぜにさそわれ グライガー,グライガー,オーキド博士のポケモン講座,EP243,
さきほこれ おはなばたけの キレイハナ,キレイハナ,オーキド博士のポケモン講座,EP244,
イノムーの はないきこおって つららかな,イノムー,オーキド博士のポケモン講座,EP246,
ウソッキー うそかまことか だましうち,ウソッキー,オーキド博士のポケモン講座,EP247,
みはりやく オタチがしっぽで おーたっち,オタチ,オーキド博士のポケモン講座,EP248,
つのはえて おうじゃのかんろく キングドラ,キングドラ,オーキド博士のポケモン講座,EP249,
グランブル ブルブルふるえる こわがりや,グランブル,オーキド博士のポケモン講座,EP250,
ツボツボが からにこもると あなだらけ,ツボツボ,オーキド博士のポケモン講座,EP251,
チョンチーと ちょうちんもって きもだめし,チョンチー,オーキド博士のポケモン講座,EP252,
ネイティが オーキドはかせの ろうごよち,ネイティ,オーキド博士のポケモン講座,EP253,
ヌオーくん あたまなでたら すべったよ,ヌオー,オーキド博士のポケモン講座,EP258,
ゴマゾウも ぼくもじんせい たいあたり,ゴマゾウ,オーキド博士のポケモン講座,EP259,True
サニーゴちゃん とげとげちょんまげ かわいいな,サニーゴ,オーキド博士のポケモン講座,EP260,
クロバット くるくるまわって アクロバット,クロバット,オーキド博士のポケモン講座,EP261,
きがつくと きみのうしろに ソーナンス,ソーナンス,オーキド博士のポケモン講座,EP262,
サナギラス ふといまゆげが おやじがお,サナギラス,オーキド博士のポケモン講座,EP263,
デルビルも まいにちしてるよ ボディビル,デルビル,オーキド博士のポケモン講座,EP264,
ドーブルが えかきかぜひき どうブルル,ドーブル,オーキド博士のポケモン講座,EP265,
チコリータ とっしんこうげき ちとこりた,チコリータ,オーキド博士のポケモン講座,EP273,
だいふんか ほのおにうかぶ エンテイよ,エンテイ,オーキド博士のポケモン講座,AG001,
ノコッチは ねてるおきてる さあどっち,ノコッチ,オーキド博士のポケモン講座,AG004,
ゆうはんの ひじきをみると アンノーン,アンノーン,オーキド博士のポケモン講座,AG005,
ていでんで きみのでばんだ エレキッド,エレキッド,オーキド博士のポケモン講座,AG006,
デンリュウの せんりゅうだして しゅうりょうだ,デンリュウ,オーキド博士のポケモン講座,AG007,
さむいあさ おきれずねぼう かみトゲピー,トゲピー,オーキド博士のポケモン講座,AG008,
ねるまえに つめのおていれ ニューラのにっか,ニューラ,オーキド博士のポケモン講座,AG009,
ニョロトノと ふたりでたべよ ネギトロを,ニョロトノ,オーキド博士のポケモン講座,AG011,
ネイティオが いいとしねがって みらいよち,ネイティオ,オーキド博士のポケモン講座,AG012,
ハネッコが おそらのうえで おひるねちゅう,ハネッコ,オーキド博士のポケモン講座,AG016,
はいしゃさん ハピナスいたら いいのにな,ハピナス,オーキド博士のポケモン講座,AG017,
ハリーセン ふんでしまって すいません,ハリーセン,オーキド博士のポケモン講座,AG018,
ピィゲット くろうしたけど うれピィな,ピィ,オーキド博士のポケモン講座,AG022,
ヒノアラシ いつもねていて ヒマらしい,ヒノアラシ,オーキド博士のポケモン講座,AG025,
ヒメグマが ひめ～をあげて クマったな,ヒメグマ,オーキド博士のポケモン講座,AG028,
きょうもまた ママとフォレトス だいばくはつ,フォレトス,オーキド博士のポケモン講座,AG029,
たまごやき ブビィとつくれば まっくろけ,ブビィ,オーキド博士のポケモン講座,AG030,
ププリンが おけがをしたよ ちちんププリン,ププリン,オーキド博士のポケモン講座,AG032,
ブラッキー やみよにじょうじて かくれんぼ,ブラッキー,オーキド博士のポケモン講座,AG037,
かみつけば ブルーなきもち すぐはれる,ブルー,オーキド博士のポケモン講座,AG038,
ベイリーフ はっぱふるとき くびいたい,ベイリーフ,オーキド博士のポケモン講座,AG039,
ヘラクロス あまいみつすう ぼくもすう,ヘラクロス,オーキド博士のポケモン講座,AG040,
ヘルガーが こがしたりょうり たべれるかぁ,ヘルガー,オーキド博士のポケモン講座,AG041,
あめあがり にじのむこうに ホウオウだ,ホウオウ,オーキド博士のポケモン講座,AG043,
ホーホーを ゲットのほうほう みやぶりたい!,ホーホー,オーキド博士のポケモン講座,AG044,
ポポッコが チョコットわらえば はながさく,ポポッコ,オーキド博士のポケモン講座,AG045,
マグカルゴ つのだせやりだせ ほのおだせ,マグカルゴ,オーキド博士のポケモン講座,AG046,
なつのひに マリルがさそった プールいこ,マリル,オーキド博士のポケモン講座,AG047,
よそみだめ ちゃんとまえを ミルタンク,ミルタンク,オーキド博士のポケモン講座,AG049,
マンタイン うずしおつくって めがまわる,マンタイン,オーキド博士のポケモン講座,AG050,
ムウマには くろいまなざし つぶらなめ,ムウマ,オーキド博士のポケモン講座,AG051,
メガニウム ふんづけられて メガネむにゅ!,メガニウム,オーキド博士のポケモン講座,AG052,
マグマラシ いつもねるとき まくらなし,マグマラシ,オーキド博士のポケモン講座,AG054,
マリルリが しっぽでけんだま じょうずだな,マリルリ,オーキド博士のポケモン講座,AG055,
ムチュールが シチューをムチューで たべている,ムチュール,オーキド博士のポケモン講座,AG056,
メリープの メリーなとしも あとすこし,メリープ,オーキド博士のポケモン講座,AG057,
かぜおこし くしゃみルギアは かぜひきや,ルギア,オーキド博士のポケモン講座,AG058,
ヤドキング あかしろマフラー きれいだね,ヤドキング,オーキド博士のポケモン講座,AG060,
ヨーギラス マラソンはしって いききらす,ヨーギラス,オーキド博士のポケモン講座,AG061,
ランターン すいちゅうダンスで タンタカターン,ランターン,オーキド博士のポケモン講座,AG062,
リングマよ たたかうリングで まってるぜ,リングマ,オーキド博士のポケモン講座,AG064,
くらやみに シルクハットの ヤミカラス,ヤミカラス,オーキド博士のポケモン講座,AG065,
ヨルノズク さとしのねがお よるのぞく,ヨルノズク,オーキド博士のポケモン講座,AG066,True
レディアンが おはなばたけで デートちゅう,レディアン,オーキド博士のポケモン講座,AG067,
ワニノコが ハンカチおとしで わにのこる,ワニノコ,オーキド博士のポケモン講座,AG069,
ヤンヤンマ ゆびいっぽんで ゲットだぜ,ヤンヤンマ,オーキド博士のポケモン講座,AG070,
スイクンは はながよさそう,スイクン,オーキド博士のポケモン講座,AG071,
やきざかな たべたらのどに トゲチック,トゲチック,オーキド博士のポケモン講座,AG072,
オオタチは せのびするのが とくいだよ,オオタチ,オーキド博士のポケモン講座,AG076,
アリゲイツ おおきなくちに むしばなし,アリゲイツ,オーキド博士のポケモン講座,AG077,
バクフーン はながムズムズ ヴァックフ～ン,バクフーン,オーキド博士のポケモン講座,AG078,
ワタッコの しろいわたげで みみそうじ,ワタッコ,オーキド博士のポケモン講座,AG079,
セレビィが せいざしてあし しびれびぃ,セレビィ,オーキド博士のポケモン講座,AG081,
ライコウの でんげきくらって えライコゥちゃ,ライコウ,オーキド博士のポケモン講座,AG082,
レディバなら レディとサンバ おどってる,レディバ,オーキド博士のポケモン講座,AG083,
さむがりの モココのくびは もっこもこ,モココ,オーキド博士のポケモン講座,AG089,
あつくても うみにははいれぬ マグマッグ,マグマッグ,オーキド博士のポケモン講座,AG090,
しんかかも アチャモが ワカシャモ すごいかも,アチャモ,オーキド博士のポケモン講座,AG091,
アメタマが ちいさいおててで かおあらい,アメタマ,オーキド博士のポケモン講座,AG092,
キノココが ひるねをしている きのねっこ,キノココ,オーキド博士のポケモン講座,AG094,
キバニアの つくったレバニラ おいしいな,キバニア,オーキド博士のポケモン講座,AG095,
エネコたち いやしのすずで えんそうかい,エネコ,オーキド博士のポケモン講座,AG096,
みーつけた ギザギザもよう カクレオン,カクレオン,オーキド博士のポケモン講座,AG097,
キャーキャーと もめにもめてる キャモメたち,キャモメ,オーキド博士のポケモン講座,AG099,
グラエナが とおぼえしてる こえーなあ,グラエナ,オーキド博士のポケモン講座,AG100,
キモリはね ほんとはテレや なのキャモね,キモリ,オーキド博士のポケモン講座,AG101,
ケッキング ずっとねていて ねちがえた,ケッキング,オーキド博士のポケモン講座,AG102,
ケムッソが たきびにあたって けむそうだ,ケムッソ,オーキド博士のポケモン講座,AG103,
コータスの ハナイキすごいぞ まっくろけ,コータス,オーキド博士のポケモン講座,AG104,
だいすきな アナタにはなお アゲハント,アゲハント,オーキド博士のポケモン講座,AG123,
シンオウで たびがはじまる ポケモンと,,オーキド博士のポケモン大百科,DP001,
こまったら ひらいてみよう ポケモンずかん,,オーキド博士のポケモン大百科,DP002,
ゲットだぜ なげかたいろいろ モンスターボール,,オーキド博士のポケモン大百科,DP003,
ジョーイさん あいたくなったら ポケモンセンター,,オーキド博士のポケモン大百科,DP004,
さあ10さい ぼくもわたしも トレーナー,,オーキド博士のポケモン大百科,DP005,
ポケモンと うつくしくあれ コーディネーター,,オーキド博士のポケモン大百科,DP006,
ポケモンに つくしてそだてる ブリーダー,,オーキド博士のポケモン大百科,DP007,True
かてるまで なんどもちょうせん ポケモンジム,,オーキド博士のポケモン大百科,DP008,
ジムリーダー いのちをかけて かかってこい,,オーキド博士のポケモン大百科,DP009,
ポケッチに まだまだふえる アプリかな,,オーキド博士のポケモン大百科,DP010,
ポケモンが かれいにまわるよ コンテスト,,オーキド博士のポケモン大百科,DP011,
ごふんかん みせてしょうぶだ コンテストバトル,,オーキド博士のポケモン大百科,DP012,
パートナー サトシとピカチュウ いいかんじ,ピカチュウ,オーキド博士のポケモン大百科,DP013,
エイパムが しっぽでつかむ サトシのハート,エイパム,オーキド博士のポケモン大百科,DP014,True
ムックルが ムクムクしんか ムクバード,ムクバード,オーキド博士のポケモン大百科,DP015,
ナエトルは あたまにはっぱ はえとるぞ,ナエトル,オーキド博士のポケモン大百科,DP016,
ポッチャマが みずにとびこむ ぽっちゃんと,ポッチャマ,オーキド博士のポケモン大百科,DP017,
ミミロルが みみをまるめて みみロール,ミミロル,オーキド博士のポケモン大百科,DP018,
しんかして もうなかないよ ウソッキー,ウソッキー,オーキド博士のポケモン大百科,DP019,
グレッグル タケシにツッコミ しびれびれ,グレッグル,オーキド博士のポケモン大百科,DP020,
パチリスが おめめさめたよ パッチリす,パチリス,オーキド博士のポケモン大百科,DP021,
ピカチュウに いつかはかちたい ニャースかな,ニャース,オーキド博士のポケモン大百科,DP022,
あかいキバ さわるとアブネー ハブネーク,ハブネーク,オーキド博士のポケモン大百科,DP023,
きがつけば なのりもやってる ソーナンス,ソーナンス,オーキド博士のポケモン大百科,DP024,
サボネアは ふれるとチクチク トゲトゲよ,サボネア,オーキド博士のポケモン大百科,DP025,
かわいいね マネネまねする きみのマネ,マネネ,オーキド博士のポケモン大百科,DP026,
マスキッパ きょうもはらぺこ すきっぱら,マスキッパ,オーキド博士のポケモン大百科,DP027,
かきまぜろ こがさずこぼさず ポフィンづくり,,オーキド博士のポケモン大百科,DP028,
かくしあじ あいじょうたっぷり ポケモンフーズ,,オーキド博士のポケモン大百科,DP029,
はってみよう シールキラキラ ボールカプセル,,オーキド博士のポケモン大百科,DP030,
さあバトル かえんぐるまで もえあがれ,ヒコザル,オーキド博士のポケモン大百科,DP031,
ニャルマーは しっぽくるくる にゃるまってる,ニャルマー,オーキド博士のポケモン大百科,DP032,
ゆきどけの みずにめざめる スボミーよ,スボミー,オーキド博士のポケモン大百科,DP033,
コリンクの おめめくりんと かわいいな,コリンク,オーキド博士のポケモン大百科,DP034,
ズガイドス かせきではっけん ずがいこつ,ズガイドス,オーキド博士のポケモン大百科,DP035,
ラムパルド あたまみがいて せんとうじゅんび,ラムパルド,オーキド博士のポケモン大百科,DP036,
ドラピオン バトルでめざせ チャンピオン,ドラピオン,オーキド博士のポケモン大百科,DP037,
パッとでた ビッパのでっぱ りっぱかな,ビッパ,オーキド博士のポケモン大百科,DP038,
はないちりん ながしめきまった ロズレイド,ロズレイド,オーキド博士のポケモン大百科,DP039,
ポッタイシ こおりのうえで むねをはり,ポッタイシ,オーキド博士のポケモン大百科,DP040,
フワンテが ふわふわとぶよ きんようび,フワンテ,オーキド博士のポケモン大百科,DP041,
ミノムッチ バトルのあとは はやきがえ,ミノムッチ,オーキド博士のポケモン大百科,DP042,
ミノマダム みっつのドレスで かわるわよ,ミノマダム,オーキド博士のポケモン大百科,DP043,
ガーメイル おてがみかいたよ eメール,ガーメイル,オーキド博士のポケモン大百科,DP044,
チェリンボが おひさまあびて あかくなり,チェリンボ,オーキド博士のポケモン大百科,DP045,
あまいみつ みつけてとぶよ ミツハニー,ミツハニー,オーキド博士のポケモン大百科,DP046,
ビークイン じょおうさまと およびなさい,ビークイン,オーキド博士のポケモン大百科,DP047,
ドダイトス こうらはみどりの どだいです,ドダイトス,オーキド博士のポケモン大百科,DP048,
まるいいし ピンプクよいこだ ねんねしな,ピンプク,オーキド博士のポケモン大百科,DP049,
ブイゼルが ブイブイいわせる みずのなか,ブイゼル,オーキド博士のポケモン大百科,DP050,
ドータクン エスパーわざで さあドーダ,ドータクン,オーキド博士のポケモン大百科,DP051,True
スカンプー すかんあいてに においプー,スカンプー,オーキド博士のポケモン大百科,DP052,
ガブリアス ガブリとくるぞ かみくだく,ガブリアス,オーキド博士のポケモン大百科,DP053,
ながいつめ ニューっとひっかく マニューラよ,マニューラ,オーキド博士のポケモン大百科,DP054,
カラナクシ にしとひがしで いろちがい,カラナクシ,オーキド博士のポケモン大百科,DP055,
ムウマージ じゅもんとなえて やみにきえ,ムウマージ,オーキド博士のポケモン大百科,DP056,
みえるかな すなにかくれた ヒポポタス,ヒポポタス,オーキド博士のポケモン大百科,DP057,
うけとめろ かおでぼうぎょだ タテトプス,タテトプス,オーキド博士のポケモン大百科,DP058,True
コロトック たえなるしらべ コロコロと,コロトック,オーキド博士のポケモン大百科,DP059,
ミカルゲよ じっとがまんの ごひゃくねん,ミカルゲ,オーキド博士のポケモン大百科,DP060,
たいぼくを かじれビーダル はがいのち,ビーダル,オーキド博士のポケモン大百科,DP061,
ダイノーズ しんかするなら テンガンざん,ダイノーズ,オーキド博士のポケモン大百科,DP062,
うせものを みつけてにっこり レントラー,レントラー,オーキド博士のポケモン大百科,DP063,
ペラペラと ラップでおしゃべり ペラップよ,ペラップ,オーキド博士のポケモン大百科,DP064,
あさひるばん たべるかねるか ゴンベかな,ゴンベ,オーキド博士のポケモン大百科,DP065,
エテボース しっぽでリング ともだちだ,エテボース,オーキド博士のポケモン大百科,DP066,
ヒコザルは やればできるこ がんばるこ,ヒコザル,オーキド博士のポケモン大百科,DP067,
グライガー サトシにげきとつ しあわせよ,グライガー,オーキド博士のポケモン大百科,DP068,
よりつよく めざせさいきょう ブイゼルよ,ブイゼル,オーキド博士のポケモン大百科,DP069,
ピンプクの おなかのいしは タケシのおてせい,ピンプク,オーキド博士のポケモン大百科,DP070,
ポケモンと いっしょにしれんじゃ レンジャーよ,,オーキド博士のポケモン大百科,DP071,
さあミッション たのむぞポケモン キャプチャ・オン,,オーキド博士のポケモン大百科,DP072,
エテボース ヒカリとおどれ コンテスト,エテボース,オーキド博士のポケモン大百科,DP073,
エレブーが シンジとしんじる ゆうしょうを,エレブー,オーキド博士のポケモン大百科,DP074,
シンジとは ふるいつきあい ドダイトス,ドダイトス,オーキド博士のポケモン大百科,DP085,
バトルなら パワーでしょうぶ リングマよ,リングマ,オーキド博士のポケモン大百科,DP086,
ニャルマー ノゾミとのぞむ ゆうしょうを,ニャルマー,オーキド博士のポケモン大百科,DP087,
かぜまかせ グラグラとぶよ グライオン,グライオン,オーキド博士のポケモン大百科,DP088,
みをまもれ すなでかばって カバルドン,カバルドン,オーキド博士のポケモン大百科,DP089,
もうどくが どくどくでるよ ドクロッグ,ドクロッグ,オーキド博士のポケモン大百科,DP090,
ムクホーク にらみきかせて そらをとぶ,ムクホーク,オーキド博士のポケモン大百科,DP091,
のどじまん はずんでうたう リーシャンよ,リーシャン,オーキド博士のポケモン大百科,DP092,
もんもんと はもんでなやむ リオルかな,リオル,オーキド博士のポケモン大百科,DP093,
ゆきのなか にわかけまわれ グレイシア,グレイシア,オーキド博士のポケモン大百科,DP094,
ムックルが ムクッとめざめる よあけまえ,ムックル,オーキド博士のポケモン大百科,DP095,
メガヤンマ とべばとぶほど かそくする,メガヤンマ,オーキド博士のポケモン大百科,DP096,
フローゼル バトルすいすい かちすすめ,フローゼル,オーキド博士のポケモン大百科,DP097,
パートナー みず・くさ・ほのお まよっちゃう,,オーキド博士のポケモンライブキャスター,BW001*,
あっポケモン モンスターボール わすれずに,,オーキド博士のポケモンライブキャスター,BW002,
こまったら けんさくいっぱつ ポケモンずかん,,オーキド博士のポケモンライブキャスター,BW003,
うでじまん バトルクラブで あつくなれ,,オーキド博士のポケモンライブキャスター,BW004,
すくすくと のびよツタージャ つるのむち,ツタージャ,オーキド博士のポケモンライブキャスター,BW005,
ミジュマルの わざがきまって にじゅうまる,ミジュマル,オーキド博士のポケモンライブキャスター,BW006,
はなからブッ ほのおがブッブッ ポカブがブッ,ポカブ,オーキド博士のポケモンライブキャスター,BW007,
ジョーイさん ポケモンセンター やすみなし,,オーキド博士のポケモンライブキャスター,BW008,
さあジムせん かちとれバッジを ポケモンと,,オーキド博士のポケモンライブキャスター,BW009,
トレーナー めとめがあったら ポケモンバトル,,オーキド博士のポケモンライブキャスター,BW010,
マメパトが マメにそらとぶ パトロール,マメパト,オーキド博士のポケモンライブキャスター,BW011,
めはなだし メグロコひそむ すなのなか,メグロコ,オーキド博士のポケモンライブキャスター,BW012,
つかれたら はっぱいちまい ヤナップの,ヤナップ,オーキド博士のポケモンライブキャスター,BW013,
バトルだぜ キバゴがキバって キバをとぐ,キバゴ,オーキド博士のポケモンライブキャスター,BW014,
ひをはいて もうかりまっか ダルマッカ,ダルマッカ,オーキド博士のポケモンライブキャスター,BW015,
どくのトゲ さわるといたいぞ ペンドラー,ペンドラー,オーキド博士のポケモンライブキャスター,BW016,
なみまかせ ぷるぷるうかぶ プルリルよ,プルリル,オーキド博士のポケモンライブキャスター,BW017,
ジャノビーの じゃんじゃんのびる つるのムチ,ジャノビー,オーキド博士のポケモンライブキャスター,BW018,
イシズマイ まんぞくするまで いしさがし,イシズマイ,オーキド博士のポケモンライブキャスター,BW019,
ヤブクロン においでわかる なかのよさ,ヤブクロン,オーキド博士のポケモンライブキャスター,BW020,
チラーミィ チラチラみるよ きみのかお,チラーミィ,オーキド博士のポケモンライブキャスター,BW021,
ていないに デスマスしゃべるよ ですますと,デスマス,オーキド博士のポケモンライブキャスター,BW022,True
ハーデリア まかせてあんしん うちのるす,ハーデリア,オーキド博士のポケモンライブキャスター,BW023,
てきはっけん しっぽをたてろ ミネズミよ,ミネズミ,オーキド博士のポケモンライブキャスター,BW024,
クルミルが センスをきそう ふくづくり,クルミル,オーキド博士のポケモンライブキャスター,BW025,
コアルヒー もぐっておよいで いつとぶの,コアルヒー,オーキド博士のポケモンライブキャスター,BW026,
ゴチルゼル ごはんよちして ゴチになる,ゴチルゼル,オーキド博士のポケモンライブキャスター,BW027,
あっフシデ さわるなキケン どくのトゲ,フシデ,オーキド博士のポケモンライブキャスター,BW028,
コロモリが かべにぴったり はなのあな,コロモリ,オーキド博士のポケモンライブキャスター,BW029,
ルールいはん ワルビルわびる わるびれず,ワルビル,オーキド博士のポケモンライブキャスター,BW030,
ハハコモリ ポケモンまもる ははのあい,ハハコモリ,オーキド博士のポケモンライブキャスター,BW031,
どくのトゲ ホイホイだすよ ホイーガよ,ホイーガ,オーキド博士のポケモンライブキャスター,BW032,
バスラオが あかぐみあおぐみ おおげんか,バスラオ,オーキド博士のポケモンライブキャスター,BW033,
エモンガが そらとぶすがた ええもんだ,エモンガ,オーキド博士のポケモンライブキャスター,BW034,
もしもしと さそうヒトモシ ひをともし,ヒトモシ,オーキド博士のポケモンライブキャスター,BW035,
クリムガン ガンガンすすむよ あなのなか,クリムガン,オーキド博士のポケモンライブキャスター,BW036,
ズルッグが にらみきかせる きょうもまた,ズルッグ,オーキド博士のポケモンライブキャスター,BW037,
たてがみが ひかってりりしい シママかな,シママ,オーキド博士のポケモンライブキャスター,BW038,
イケメンの モンメンとんでく かぜにのり,モンメン,オーキド博士のポケモンライブキャスター,BW039,True
リグレーが テレビでみせる ゆめのなか,リグレー,オーキド博士のポケモンライブキャスター,BW040,
なめるなよ アイスじゃないよ バニプッチ,バニプッチ,オーキド博士のポケモンライブキャスター,BW041,
ネバるした のばすガマガル ねばりごし,ガマガル,オーキド博士のポケモンライブキャスター,BW042,
ドッコラー かくざいはこぶよ どっこいしょ,ドッコラー,オーキド博士のポケモンライブキャスター,BW043,
つんつんと こおりでつつくよ ツンベアー,ツンベアー,オーキド博士のポケモンライブキャスター,BW044,
ダンゴロが だんだんゴロゴロ あなのなか,ダンゴロ,オーキド博士のポケモンライブキャスター,BW045,
めじからで にらみきかせる ゴチムかな,ゴチム,オーキド博士のポケモンライブキャスター,BW046,True
ランランと ユニランはずむよ うれしくて,ユニラン,オーキド博士のポケモンライブキャスター,BW047,
じごくみみ タブンネきくよ きみのこえ,タブンネ,オーキド博士のポケモンライブキャスター,BW048,
アーケンが けんけんなくよ きのうえで,アーケン,オーキド博士のポケモンライブキャスター,BW049,
ゾロリンパ ゾロアがばけるよ いろいろと,ゾロア,オーキド博士のポケモンライブキャスター,BW050,
SOS ピンチのときは ムーランド,ムーランド,オーキド博士のポケモンライブキャスター,BW051,
おこったら ひかってしらせる ゼブライカ,ゼブライカ,オーキド博士のポケモンライブキャスター,BW052,
バルジーナ ホネをとりかえ おしゃれする,バルジーナ,オーキド博士のポケモンライブキャスター,BW053,
ズルズキン ズキンといちげき ずつきかな,ズルズキン,オーキド博士のポケモンライブキャスター,BW054,
たわむれに チョロネコちょろりと ちょろまかす,チョロネコ,オーキド博士のポケモンライブキャスター,BW055,
ちからこぶ おれのがいちばん ドテッコツ,ドテッコツ,オーキド博士のポケモンライブキャスター,BW056,
なまったな コマタナやいば こまったな,コマタナ,オーキド博士のポケモンライブキャスター,BW057,
メラメラと まっかにもえる メラルバよ,メラルバ,オーキド博士のポケモンライブキャスター,BW058,
きたえぬけ ダゲキいちげき かわらわり,ダゲキ,オーキド博士のポケモンライブキャスター,BW059,
ふんじゃった わらうマッギョが でんげきは,マッギョ,オーキド博士のポケモンライブキャスター,BW060,
できるかな ねんどでつくる ゴビットよ,ゴビット,オーキド博士のポケモンライブキャスター,BW061,
オーベムが ゆびさきぴかぴか おしゃべりだ,オーベム,オーキド博士のポケモンライブキャスター,BW062,
ダブランは のうがふたつで おとくだのう,ダブラン,オーキド博士のポケモンライブキャスター,BW063,
わざをだせ きめろクマシュン はなすすり,クマシュン,オーキド博士のポケモンライブキャスター,BW064,
みえるかな コジョフーくりだす ひっさつけん,コジョフー,オーキド博士のポケモンライブキャスター,BW065,
チョボマキが ちょぼちょぼとぶよ あめあがり,チョボマキ,オーキド博士のポケモンライブキャスター,BW066,
かくれても ひかりもれるよ シビシラス,シビシラス,オーキド博士のポケモンライブキャスター,BW067,
シビルドン あついキッスで しびれびれ,シビルドン,オーキド博士のポケモンライブキャスター,BW068,
あおいひが ゆらゆらさそう シャンデラよ,シャンデラ,オーキド博士のポケモンライブキャスター,BW069,
あいさつも ずつきいっぱつ バッフロン,バッフロン,オーキド博士のポケモンライブキャスター,BW070,
やれおどれ うでをふりふり マラカッチ,マラカッチ,オーキド博士のポケモンライブキャスター,BW071,True
バオップと きのみたべよう やいてから,バオップ,オーキド博士のポケモンライブキャスター,BW072,True
いろがわり きせつをつげる シキジカよ,シキジカ,オーキド博士のポケモンライブキャスター,BW073,
あいさつの かわりにかみつく モノズかな,モノズ,オーキド博士のポケモンライブキャスター,BW074,
アギルダー ぬいだらすごいぞ すばやいぞ,アギルダー,オーキド博士のポケモンライブキャスター,BW075,
さむいほどげんきひゃくばいバニリッチ,バニリッチ,オーキド博士のポケモンライブキャスター,BW076,
ほしあかり ゴチミルなにみる ほしをみる,ゴチミル,オーキド博士のポケモンライブキャスター,BW077,
ほうさくだ みのりのあきに ランドロス,ランドロス,オーキド博士のポケモンライブキャスター,BW078,
ちゅるちゅると でんきをすする バチュルかな,バチュル,オーキド博士のポケモンライブキャスター,BW079,
イワパレス とかしてきって いえづくり,イワパレス,オーキド博士のポケモンライブキャスター,BW080,
くるくると まわってくらす ギアルかな,ギアル,オーキド博士のポケモンライブキャスター,BW081,
はりがとぶ ひゃっぱつひゃくちゅう デンチュラよ,デンチュラ,オーキド博士のポケモンライブキャスター,BW082,
シンボラー きょうもみまわり いじょうなし,シンボラー,オーキド博士のポケモンライブキャスター,BW083,
おうごんを たべてかがやく デスカーン,デスカーン,オーキド博士のポケモンライブキャスター,BW084,
スワンナと よあけのダンス おどろうよ,スワンナ,オーキド博士のポケモンライブキャスター,BW085,
ケンホロウ けんもほろろで なつかない,ケンホロウ,オーキド博士のポケモンライブキャスター,BW086,
ガマゲロゲ ぷるぷるふるえて ちからだす,ガマゲロゲ,オーキド博士のポケモンライブキャスター,BW087,
トルネード かぜがくるくる トルネロス,トルネロス,オーキド博士のポケモンライブキャスター,BW088,
ボルトロス かみなりはっしゃ なんボルト？,ボルトロス,オーキド博士のポケモンライブキャスター,BW089,
ローブシン はしらもちあげ ちからこぶ,ローブシン,オーキド博士のポケモンライブキャスター,BW090,
キリキザン きりきりきざむ ばんごはん,キリキザン,オーキド博士のポケモンライブキャスター,BW091,
ヒヤッキー しっぽでじょうろ はなのせわ,ヒヤッキー,オーキド博士のポケモンライブキャスター,BW092,
アイアント エサをあつめて かえらんと,アイアント,オーキド博士のポケモンライブキャスター,BW093,
おおぞらに まうアーケオス カラフルに,アーケオス,オーキド博士のポケモンライブキャスター,BW094,
だいはっけん ふたのかせきで プロトーガ,プロトーガ,オーキド博士のポケモンライブキャスター,BW095,
わだつみに ほえてあらぶる アバゴーラ,アバゴーラ,オーキド博士のポケモンライブキャスター,BW096,
ほりすすめ グリュっともぐって モグリューよ,モグリュー,オーキド博士のポケモンライブキャスター,BW097,
クイタラン まだまだたべるよ くいたらぬ,クイタラン,オーキド博士のポケモンライブキャスター,BW098,
タマゲタケ ドクにびっくり たまげたね,タマゲタケ,オーキド博士のポケモンライブキャスター,BW099,
テッシード とげをとばして まるはだか,テッシード,オーキド博士のポケモンライブキャスター,BW100,
ダストダス ゴミをまとって おしゃれする,ダストダス,オーキド博士のポケモンライブキャスター,BW101,
ワルビアル にらみきかせて けんかうる,ワルビアル,オーキド博士のポケモンライブキャスター,BW102,
ジャローダが ツンとすまして よゆうあり,ジャローダ,オーキド博士のポケモンライブキャスター,BW103,
ダイケンキ けんをもったら むてきなり,ダイケンキ,オーキド博士のポケモンライブキャスター,BW104,
つよくなれ ケンカじょうとう ワシボンよ,ワシボン,オーキド博士のポケモンライブキャスター,BW105,
ハトーボー へいわをさそう なきごえよ,ハトーボー,オーキド博士のポケモンライブキャスター,BW106,
ウォーグル グルッと回って ちゅうがえり,ウォーグル,オーキド博士のポケモンライブキャスター,BW107,
エンブオー ぶおっとひをふく あついやつ,エンブオー,オーキド博士のポケモンライブキャスター,BW108,
クルマユが はっぱにくるまる ふゆのよる,クルマユ,オーキド博士のポケモンライブキャスター,BW109,
ムシャーナが むしゃむしゃたべる わるいゆめ,ムシャーナ,オーキド博士のポケモンライブキャスター,BW110,
まぶしいな はねがもえるよ ウルガモス,ウルガモス,オーキド博士のポケモンライブキャスター,BW111,
ガントルが ガンガンのむよ うまいみず,ガントル,オーキド博士のポケモンライブキャスター,BW112,
なげとばし ナゲキがたおす でかいやつ,ナゲキ,オーキド博士のポケモンライブキャスター,BW113,
ヒヒダルマ はをむきわらうよ ヒヒヒヒヒ,ヒヒダルマ,オーキド博士のポケモンライブキャスター,BW114,
チャオブーが チャオ！とあいさつ げんきよく,チャオブー,オーキド博士のポケモンライブキャスター,BW115,
ココロモリ こころがおどる ちょうおんぱ,ココロモリ,オーキド博士のポケモンライブキャスター,BW116,
ほりすすめ ドリュウズまわる ドリルなすがた,ドリュウズ,オーキド博士のポケモンライブキャスター,BW117,
フリージオ すずしいかおで バトルする,フリージオ,オーキド博士のポケモンライブキャスター,BW118,
さきほこれ ドレディアにっこり はなざかり,ドレディア,オーキド博士のポケモンライブキャスター,BW119,
メブキジカ きせつかわれば つのかわる,メブキジカ,オーキド博士のポケモンライブキャスター,BW120,
まさゆめか ムンナのげっぷで ゆめうらない,ムンナ,オーキド博士のポケモンライブキャスター,BW121,
バオッキー たべたらもやせ あまいもの,バオッキー,オーキド博士のポケモンライブキャスター,BW122,
カブルモが カラをかぶって しんかする,カブルモ,オーキド博士のポケモンライブキャスター,BW123,
シュバルゴが ヤリでしゅばっと いちげきだ,シュバルゴ,オーキド博士のポケモンライブキャスター,BW124,True
いにしえのうたで かわるよ メロエッタ,メロエッタ,オーキド博士のポケモンライブキャスター,BW125,
いつのまに ひっそりうしろに レパルダス,レパルダス,オーキド博士のポケモンライブキャスター,BW126,True
オノノクス するどいおので おののかす,オノノクス,オーキド博士のポケモンライブキャスター,BW127,
かくれんぼ ロトムかくれる かでんかな,ロトム,オーキド博士のポケモンライブキャスター,BW128,
おひさまを あびてあらぶる ギガイアス,ギガイアス,オーキド博士のポケモンライブキャスター,BW128,
めいれいを まもっていくとせ ゴルーグよ,ゴルーグ,オーキド博士のポケモンライブキャスター,BW129,
ジヘッドや けんかはやめて ふたつのあたま,ジヘッド,オーキド博士のポケモンライブキャスター,BW130,
ブルンゲル ぶるんぶるんと うみをゆく,ブルンゲル,オーキド博士のポケモンライブキャスター,BW131,
きばをむき えものをさがす サザンドラ,サザンドラ,オーキド博士のポケモンライブキャスター,BW132,
バイバニラ アイスたべよう はいバニラ,バイバニラ,オーキド博士のポケモンライブキャスター,BW133,
チラチーノ わたしがいちばん うつくしーの,チラチーノ,オーキド博士のポケモンライブキャスター,BW134,
フタチマル ホタチがふえて にとうりゅう,フタチマル,オーキド博士のポケモンライブキャスター,BW135,
ナットレイ しょくしゅですすむぞ まっとれい,ナットレイ,オーキド博士のポケモンライブキャスター,BW136,
ゾロアーク ゆめかうつつか げんえいか,ゾロアーク,オーキド博士のポケモンライブキャスター,BW137,
かぜになれ どこでもいたずら エルフーン,エルフーン,オーキド博士のポケモンライブキャスター,BW138,
とぎすませ きばがいのちの オノンドよ,オノンド,オーキド博士のポケモンライブキャスター,BW139,
ママンボウ うみのレスキュー まかせてね,ママンボウ,オーキド博士のポケモンライブキャスター,BW140,
しっぽから みずをはっしゃだ ヒヤップよ,ヒヤップ,オーキド博士のポケモンライブキャスター,BW141,
チュリネすむ つちではぐくめ さくもつを,チュリネすむ,オーキド博士のポケモンライブキャスター,BW142,
やけのはら あばれてまんぞく ギャラドスよ,ギャラドス,オーキド博士のポケモンライブキャスター,BWS01,
ひとっとび せかいいっしゅう カイリューよ,カイリュー,オーキド博士のポケモンライブキャスター,BWS02,
ゲットだぜ！ ピカチュウいっしょに ピッピカチュウ,ピカチュウ,オーキド博士のポケモンホロキャスター,XY001,
ケロマツや バトルもケロリと しょうりする,ケロマツ,オーキド博士のポケモンホロキャスター,XY002,
しのびよる ぬきあしさしあし ニャースかな,ニャース,オーキド博士のポケモンホロキャスター,XY003,
あなをほる ちかにおうちを ホルビーよ,ホルビー,オーキド博士のポケモンホロキャスター,XY004,
デデンネと ほっぺすりすり でんきでびりり,デデンネ,オーキド博士のポケモンホロキャスター,XY005,
ガブガブと えさをガブリと ガブリアス,ガブリアス,オーキド博士のポケモンホロキャスター,XY006,
たいようで でんきできてる エリキテル,エリキテル,オーキド博士のポケモンホロキャスター,XY007,
サイホーン まっすぐいくよ どこまでも,サイホーン,オーキド博士のポケモンホロキャスター,XY008,
あめあがり ゆうがにすべるよ アメタマよ,アメタマ,オーキド博士のポケモンホロキャスター,XY009,
ヤヤコマの むねでもえてる とうこんが,ヤヤコマ,オーキド博士のポケモンホロキャスター,XY010,
まるくなる どんどんふくらむ プクリンよ,プクリン,オーキド博士のポケモンホロキャスター,XY011,
デザートは いつもこえだの フォッコかな,フォッコ,オーキド博士のポケモンホロキャスター,XY012,
かみなりが おちたらそこに ライボルト,ライボルト,オーキド博士のポケモンホロキャスター,XY013,
トリミアン きょうのかみがた トレビアン,トリミアン,オーキド博士のポケモンホロキャスター,XY014,
ソーナンス なぞがなぞよぶ しっぽかな,ソーナンス,オーキド博士のポケモンホロキャスター,XY015,
ハリマロン りきんでとがって ちくりといくよ,ハリマロン,オーキド博士のポケモンホロキャスター,XY016,
みちしるべ たよりになるよ デンリュウは,デンリュウ,オーキド博士のポケモンホロキャスター,XY017,
マーイーカ イカスミかけられ まぁいいか,マーイーカ,オーキド博士のポケモンホロキャスター,XY018,
ちゃっちゃっちゃ ちゃちゃちゃバケッチャ ちゃっちゃっちゃ,バケッチャ,オーキド博士のポケモンホロキャスター,XY019,
ちくちくと スピアーつんつん はりでつく,スピアー,オーキド博士のポケモンホロキャスター,XY020,
よろこべば でんきこぼれる ピチューかな,ピチュー,オーキド博士のポケモンホロキャスター,XY021,
ニンフィアが リボンデつたえる このおもい,ニンフィア,オーキド博士のポケモンホロキャスター,XY022,
たべてねて ねるこはそだつ カビゴンや,カビゴン,オーキド博士のポケモンホロキャスター,XY023,
オスメスの くべつがないよ コイルだよ,コイル,オーキド博士のポケモンホロキャスター,XY025,
おらおらと やんちゃぼうずの ヤンチャムや,ヤンチャム,オーキド博士のポケモンホロキャスター,XY026,
コフキムシ あつささむさも こなしだい,コフキムシ,オーキド博士のポケモンホロキャスター,XY027,
コフーライ しんかのひまで がまんのこ,コフーライ,オーキド博士のポケモンホロキャスター,XY028,
ビビヨンが びよんびよんと とんでいく,ビビヨン,オーキド博士のポケモンホロキャスター,XY029,True
イワくって じめんほるほる イワークよ,イワーク,オーキド博士のポケモンホロキャスター,XY030,
ヨノワール れいかいよいとこ いちどはおいで,ヨノワール,オーキド博士のポケモンホロキャスター,XY031,
コイキング てんまではねろ しんかまで,コイキング,オーキド博士のポケモンホロキャスター,XY032,
ルカリオが はどうでバトル はーどうじゃ,ルカリオ,オーキド博士のポケモンホロキャスター,XY033,
メガシンカ きずなのつよさ みせてやれ,,オーキド博士のポケモンホロキャスター,XY034,
カラマネロ わるいなかまに からまれろ,カラマネロ,オーキド博士のポケモンホロキャスター,XY035,
サーナイト いのちわかけて まもりぬけ,サーナイト,オーキド博士のポケモンホロキャスター,XY036,
くだけちれ おんぱでバーン！ オンバーン,オンバーン,オーキド博士のポケモンホロキャスター,XY037,
あぶないよ アブソルかんじる わざわいを,アブソル,オーキド博士のポケモンホロキャスター,XY038,
アームガン ひゃっぱつひゃくちゅう ウデッポウ,ウデッポウ,オーキド博士のポケモンホロキャスター,XY039,
ニャスパーが スパッとはっしゃ サイコパワー,ニャスパー,オーキド博士のポケモンホロキャスター,XY040,
よんでいる オーロラひかる アマルスよ,アマルス,オーキド博士のポケモンホロキャスター,XY041,
かくれんぼ うみのもくずに クズモーよ,クズモー,オーキド博士のポケモンホロキャスター,XY052,
つめたさや わがみこおるよ アマルルガ,アマルルガ,オーキド博士のポケモンホロキャスター,XY055,
チゴラスや なんでもかじる つよいあご,チゴラス,オーキド博士のポケモンホロキャスター,XY056,
ペロリーム ぺろりなめたら あらあまい,ペロリーム,オーキド博士のポケモンホロキャスター,XY057,
かぜさそう きままにとぶよ フラベベよ,フラベベ,オーキド博士のポケモンホロキャスター,XY058,
ひとっとび ビルをこえるぞ バシャーモだ,バシャーモ,オーキド博士のポケモンホロキャスター,XY059,
ふりかえり おおぐちひらく クチートよ,クチート,オーキド博士のポケモンホロキャスター,XY060,
まうごとく たたかえルチャブル さいきょうだ,ルチャブル,オーキド博士のポケモンホロキャスター,XY061,True
エアームド きれあじするどく つばさがうなる,エアームド,オーキド博士のポケモンホロキャスター,XY062,
だれかしら であいがしらに ゲコガシラ,ゲコガシラ,オーキド博士のポケモンホロキャスター,XY063,
ウソハチの なみだにほろり もらいなき,ウソハチ,オーキド博士のポケモンホロキャスター,XY064,
しんじんと いっしょにゼニガメ つよくなれ,ゼニガメ,オーキド博士のポケモンホロキャスター,XY065,
ヒトカゲの ひわくちほどに ものをいい,ヒトカゲ,オーキド博士のポケモンホロキャスター,XY066,
ひをあびて のんびりおひるね フシギダネ,フシギダネ,オーキド博士のポケモンホロキャスター,XY067,
うごくもり かならずどこかに オーロット,オーロット,オーキド博士のポケモンホロキャスター,XY068,
コジョフーが きあいのかけごえ コージョーフー,コジョフー,オーキド博士のポケモンホロキャスター,XY069,
うでじまん なんでもはこぶよ ゴーリキー,ゴーリキー,オーキド博士のポケモンホロキャスター,XY070,
オスメスで いろがちがうよ ニャオニクス,ニャオニクス,オーキド博士のポケモンホロキャスター,XY071,
ボーマンダ ひをはくおとは ボーなんだ,ボーマンダ,オーキド博士のポケモンホロキャスター,XY072,
ルクシオが でんきでかたるよ ゆうじょうを,ルクシオ,オーキド博士のポケモンホロキャスター,XY073,
らんらんらん うみのおさんぽ ラプラスと,ラプラス,オーキド博士のポケモンホロキャスター,XY074,
むちゅーっと なんでもくちづけ ムチュールよ,ムチュール,オーキド博士のポケモンホロキャスター,XY075,
いざバトル カモン、カモネギ くきがぶき,カモネギ,オーキド博士のポケモンホロキャスター,XY076,
さあバトル リングマリングで ゴングまつ,リングマ,オーキド博士のポケモンホロキャスター,XY077,
ゲットだぜ！ ピカチュウいっしょに ピッピカチュウ,ピカチュウ,オーキド博士のポケモンホロキャスター,XY078,
マフォクシー まほうのほのおで みらいよむ,マフォクシー,オーキド博士のポケモンホロキャスター,XY079,
ゲットだぜ そのガメノデス おれのです,ガメノデス,オーキド博士のポケモンホロキャスター,XY080,
きたえてる コンクリぐるぐる ローブシン,ローブシン,オーキド博士のポケモンホロキャスター,XY081,
メェークルが ひとをのせるよ どこまでも,メェークル,オーキド博士のポケモンホロキャスター,XY082,
あめのなか ちをはうヌメラ ぬめぬめと,ヌメラ,オーキド博士のポケモンホロキャスター,XY083,
カイリキー かいりきじまん うでじまん,カイリキー,オーキド博士のポケモンホロキャスター,XY084,
なりすませ バニラのアイス バニプッチ,バニプッチ,オーキド博士のポケモンホロキャスター,XY085,
ゴーゴート のやまをゆくよ GOGOと,ゴーゴート,オーキド博士のポケモンホロキャスター,XY086,
しずけさや ヌメイルぬめぬめ にじりより,ヌメイル,オーキド博士のポケモンホロキャスター,XY087,
かがやくめ しんじつみぬく レントラー,レントラー,オーキド博士のポケモンホロキャスター,XY088,
テールナー こえだにほのおが ついてるなー,テールナー,オーキド博士のポケモンホロキャスター,XY089,
ライチュウの やるきはでんき しげきてき,ライチュウ,オーキド博士のポケモンホロキャスター,XY090,
わたぼうし とばせワタッコ せかいじゅう,ワタッコ,オーキド博士のポケモンホロキャスター,XY091,
くろしんじゅ おでこでひかる ブーピッグ,ブーピッグ,オーキド博士のポケモンホロキャスター,XY092,
あけてくれ かぎをおくれよ クレッフィ,クレッフィ,オーキド博士のポケモンホロキャスター,XY093,
ガルーラが メガシンカする おやこあい！,メガガルーラ,オーキド博士のポケモンホロキャスター,XY140,
ひまつぶし カメテテきょうも にらめっこ,カメテテ,オーキド博士のポケモンホロキャスター,XYS05,
そのカラダ メレシーまぶしー うつくしー,メレシー,オーキド博士のポケモンホロキャスター,XYS06,
いしふたつ こころひとつで メガシンカ,,オーキドはかせ,LPLE,
